Name,Type,Purpose,Image
AgustaWestland AW101,Helicopter,Military,AgustaWestland-AW101
Airbus A220,Plane,Civilian,Airbus-A220
Airbus A320neo,Plane,Civilian,Airbus-A320neo
Airbus A321XLR,Plane,Civilian,Airbus-A321XLR
Airbus A330neo,Plane,Civilian,Airbus-A330neo
Airbus A350,Plane,Civilian,Airbus-A350
Airbus A400M Atlas,Plane,Military,Airbus-A400M-Atlas
Airbus H145M,Helicopter,Military,Airbus-H145M
Airbus H160,Helicopter,Civilian,Airbus-H160
Airbus H225,Helicopter,Civilian,Airbus-H225
Antonov An-148,Plane,Civilian,Antonov-An-148
Antonov An-178,Plane,Military,Antonov-An-178
Baykar Bayraktar Akinci,Plane,Military,Baykar-Bayraktar-Akinci
Baykar Bayraktar TB2,Plane,Military,Baykar-Bayraktar-TB2
Beechcraft King Air 360,Plane,Civilian,Beechcraft-King-Air-360
Beechcraft T-6 Texan II,Plane,Military,Beechcraft-T-6-Texan-II
Bell 429,Helicopter,Civilian,Bell-429
Bell 505,Helicopter,Civilian,Bell-505
Bell AH-1Z Viper,Helicopter,Military,Bell-AH-1Z-Viper
Bell UH-1Y Venom,Helicopter,Military,Bell-UH-1Y-Venom
Bell V-22 Osprey,Helicopter,Military,Bell-V-22-Osprey
Beriev A-50,Plane,Military,Beriev-A-50
Beriev Be-200,Plane,Military,Beriev-Be-200
Boeing 717,Plane,Civilian,Boeing-717
Boeing 737 MAX,Plane,Civilian,Boeing-737-MAX
Boeing 747-8,Plane,Civilian,Boeing-747-8
Boeing 757,Plane,Civilian,Boeing-757
Boeing 767,Plane,Civilian,Boeing-767
Boeing 777X,Plane,Civilian,Boeing-777X
Boeing 787 Dreamliner,Plane,Civilian,Boeing-787-Dreamliner
Boeing AH-64 Apache,Helicopter,Military,Boeing-AH-64-Apache
Boeing B-52 Stratofortress,Plane,Military,B-52-Stratofortress
Boeing CH-47 Chinook,Helicopter,Military,CH-47 Chinook
Boeing E-3 Sentry,Plane,Military,Boeing_E3_Sentry
Boeing F/A-18E/F Super Hornet,Plane,Military,Boeing-Super-Hornet
Boeing F-15EX Eagle II,Plane,Military,F-15EX-Eagle-II
Boeing KC-135 Stratotanker,Plane,Military,Boeing-KC-135-Stratotanker
Boeing KC-46 Pegasus,Plane,Military,Boeing-KC-46-Pegasus
Boeing P-8 Poseidon,Plane,Military,Boeing-P-8-Poseidon
Bombardier Challenger 3500,Plane,Civilian,Bombardier-Challenger-3500
Bombardier Global 7500,Plane,Civilian,Bombardier-Global-7500
C-130J Super Hercules,Plane,Military,C-130J-Super-Hercules
Cessna Citation Longitude,Plane,Civilian,Cessna-Citation-Longitude
Chengdu J-20,Plane,Military,Chengdu-J-20
Chengdu JF-17 Thunder,Plane,Military,Chengdu-JF-17-Thunder
Chengdu Wing Loong II,Plane,Military,Chengdu-Wing-Loong-II
Comac ARJ21,Plane,Civilian,Comac-ARJ21
Comac C919,Plane,Civilian,Comac-C919
Concorde,Plane,Civilian,Concorde
Dassault Falcon 7X (Military Variant),Plane,Military,Dassault-Falcon-7X
Dassault Falcon 8X,Plane,Civilian,Dassault-Falcon-8X
Dassault Mirage 2000,Plane,Military,Mirage 2000
Dassault Mirage F1,Plane,Military,Mirage F1
Dassault Mirage IV,Plane,Military,Mirage IV
Dassault Rafale,Plane,Military,Dassault-Rafale
Dornier 328,Plane,Civilian,Dornier-328
Embraer E195-E2,Plane,Civilian,Embraer-E195-E2
Enstrom 480B,Helicopter,Civilian,Enstrom-480B
Eurocopter Tiger,Helicopter,Military,Eurocopter-Tiger
Eurofighter Typhoon,Plane,Military,Eurofighter-Typhoon
Fairchild Republic A-10 Thunderbolt II,Plane,Military,A-10 Thunderbolt II
General Atomics MQ-9 Reaper,Plane,Military,General-Atomics-MQ-9-Reaper
General Dynamics F-111 Aardvark,Plane,Military,F-111 Aardvark
General Dynamics F-16 Fighting Falcon,Plane,Military,F-16-Fighting-Falcon
Gulfstream G700,Plane,Civilian,Gulfstream-G700
HAL AMCA,Plane,Military,HAL-AMCA
HAL Tejas,Plane,Military,HAL-Tejas
Harbin Z-19,Helicopter,Military,Harbin-Z-19
Harbin Z-20,Helicopter,Military,Harbin-Z-20
Harbin Z-9,Helicopter,Military,Harbin-Z-9
Harrier Jump Jet (AV-8B),Plane,Military,Harrier-Jump-Jet
HondaJet Elite II,Plane,Civilian,HondaJet-Elite-II
Ilyushin Il-76,Plane,Military,Ilyushin-Il-76
Ilyushin Il-96,Plane,Civilian,Ilyushin-Il-96
KAI KF-21 Boramae,Plane,Military,KAI-KF-21-Boramae
KAI LAH (Light Armed Helicopter),Helicopter,Military,KAI-LAH
KAI T-50 Golden Eagle,Plane,Military,KAI-T-50-Golden-Eagle
Kamov Ka-137,Helicopter,Military,Kamov Ka-137
Kamov Ka-226,Helicopter,Civilian,Kamov-Ka-226
Kamov Ka-31,Helicopter,Military,Kamov-Ka-31
Kamov Ka-52,Helicopter,Military,Kamov-Ka-52
Kamov Ka-60,Helicopter,Military,Kamov-Ka-60
Kawasaki C-2,Plane,Military,Kawasaki-C-2
Leonardo AW139,Helicopter,Civilian,Leonardo-AW139
Leonardo AW159 Wildcat,Helicopter,Military,Leonardo-AW159-Wildcat
Leonardo AW609,Helicopter,Civilian,Leonardo-AW609
Leonardo C-27J Spartan,Plane,Military,Leonardo-C-27J-Spartan
Leonardo M-346 Master,Plane,Military,Leonardo-M-346-Master
Lockheed F-104 Starfighter,Plane,Military,Lockheed F-104 Starfighter
Lockheed F-117 Nighthawk,Plane,Military,F-117 Nighthawk
Lockheed Martin F-22 Raptor,Plane,Military,F-22-Raptor
Lockheed Martin F-35 Lightning II,Plane,Military,F-35-Lightning-II
Lockheed Martin U-2 Dragon Lady,Plane,Military,U-2 Dragon Lady
Lockheed SR-71 Blackbird,Plane,Military,Lockheed-SR-71-Blackbird
MD Helicopters MD 530F,Helicopter,Civilian,MD-Helicopters-MD-530F
MD Helicopters MH-6 Little Bird,Helicopter,Military,MH-6 Little Bird
MiG-29 Fulcrum,Plane,Military,MiG-29-Fulcrum
Mikoyan MiG-29M,Plane,Military,Mikoyan-MiG-29M
Mikoyan MiG-35,Plane,Military,Mikoyan-MiG-35
Mikoyan-Gurevich MiG-21 Fishbed,Plane,Military,Mig-21 Fishbed
Mikoyan-Gurevich MiG-23 Flogger-B,Plane,Military,MiG-23 Flogger-B
Mikoyan-Gurevich MiG-25 Foxbat,Plane,Military,MiG-25 Foxbat
Mikoyan-Gurevich MiG-27 Flogger-D,Plane,Military,MiG-27 Flogger-D
Mil Mi-17,Helicopter,Military,Mil-Mi-17
Mil Mi-26,Helicopter,Military,Mil-Mi-26
Mil Mi-28,Helicopter,Military,Mil-Mi-28
Mil Mi-35,Helicopter,Military,Mil-Mi-35
Mitsubishi F-2,Plane,Military,Mitsubishi-F-2
NHIndustries NH90,Helicopter,Military,NHIndustries-NH90
North American XB-70A Valktrie,Plane,Military,XB-70A Valkyrie
Northrop Grumman B-2 Spirit,Plane,Military,B-2-Spirit
Northrop Grumman B-21 Raider,Plane,Military,B-21-Raider
Northrop Grumman RQ-4 Global Hawk,Plane,Military,Northrop-Grumman-RQ-4-Global-Hawk
Piasecki H-21 Shawnee,Helicopter,Military,Piasecki H-21 Shawnee
Pilatus PC-12,Plane,Civilian,Pilatus-PC-12
Pilatus PC-21,Plane,Military,Pilatus-PC-21
Piper M600,Plane,Civilian,Piper-M600
Robinson R66,Helicopter,Civilian,Robinson-R66
Saab 35 Draken,Plane,Military,Saab 35 Draken
Saab AJS-37 Viggen,Plane,Military,AJS-37 Viggen
Saab JAS 39 Gripen,Plane,Military,Saab-JAS-39-Gripen
Shahed 129,Plane,Military,Shahed-129
Shenyang J-16,Plane,Military,Shenyang-J-16
Sikorsky CH-53K King Stallion,Helicopter,Military,Sikorsky-CH-53K-King-Stallion
Sikorsky S-76,Helicopter,Civilian,Sikorsky-S-76
Sikorsky S-92,Helicopter,Civilian,Sikorsky-S-92
Sikorsky UH-60 Black Hawk,Helicopter,Military,Sikorsky-UH-60 Black-Hawk
Sukhoi Su-25,Plane,Military,Sukhoi Su-25
Sukhoi Su-30,Plane,Military,Sukhoi-Su-30
Sukhoi Su-34,Plane,Military,Sukhoi-Su-34
Sukhoi Su-35,Plane,Military,Sukhoi-Su-35
Sukhoi Su-57,Plane,Military,Sukhoi-Su-57
TAI T129 ATAK,Helicopter,Military,TAI-T129-ATAK
Tupolev Tu-160,Plane,Military,Tupolev-Tu-160
Tupolev Tu-204,Plane,Civilian,Tupolev-Tu-204
Tupolev Tu-214,Plane,Civilian,Tupolev-Tu-214
Tupolev Tu-95,Plane,Military,Tupolev-Tu-95
Viking Air Twin Otter,Plane,Civilian,Viking-Air-Twin-Otter
Xian H-6,Plane,Military,Xian-H-6
Xian Y-20,Plane,Military,Xian-Y-20
Xian Y-9,Plane,Military,Xian-Y-9
Yakovlev Yak-38 Forger,Plane,Military,Yak-38 Forger
