,Country of Manufacture,Type,Purpose,Image
AgustaWestland AW101,Italy,2,2,AgustaWestland-AW101
Airbus A220,France/Germany,1,1,Airbus-A220
Airbus A320neo,France,1,1,Airbus-A320neo
Airbus A321XLR,France/Germany,1,1,Airbus-A321XLR
Airbus A330neo,France/Germany,1,1,Airbus-A330neo
Airbus A350,France,1,1,Airbus-A350
Airbus A400M Atlas,Europe,1,2,Airbus-A400M-Atlas
Airbus H145M,Germany,2,2,Airbus-H145M
Airbus H160,France,2,1,Airbus-H160
Airbus H225,France,2,1,Airbus-H225
Antonov An-148,Ukraine,1,1,Antonov-An-148
Antonov An-178,Ukraine,1,2,Antonov-An-178
Baykar Bayraktar Akinci,Turkey,1,2,Baykar-Bayraktar-Akinci
Baykar Bayraktar TB2,Turkey,1,2,Baykar-Bayraktar-TB2
Beechcraft King Air 360,USA,1,1,Beechcraft-King-Air-360
Beechcraft T-6 Texan II,USA,1,2,Beechcraft-T-6-Texan-II
Bell 429,USA,2,1,Bell-429
Bell 505,USA,2,1,Bell-505
Bell AH-1Z Viper,USA,2,2,Bell-AH-1Z-Viper
Bell UH-1Y Venom,USA,2,2,Bell-UH-1Y-Venom
Bell V-22 Osprey,USA,2,2,Bell-V-22-Osprey
Beriev A-50,Russia,1,2,Beriev-A-50
Beriev Be-200,Russia,1,2,Beriev-Be-200
Boeing 717,USA,1,1,Boeing-717
Boeing 737 MAX,USA,1,1,Boeing-737-MAX
Boeing 747-8,USA,1,1,Boeing-747-8
Boeing 757,USA,1,1,Boeing-757
Boeing 767,USA,1,1,Boeing-767
Boeing 777X,USA,1,1,Boeing-777X
Boeing 787 Dreamliner,USA,1,1,Boeing-787-Dreamliner
Boeing AH-64 Apache,USA,2,2,Boeing-AH-64-Apache
Boeing B-52 Stratofortress,USA,1,2,B-52-Stratofortress
Boeing CH-47 Chinook,USA/UK,2,2,CH-47 Chinook
Boeing E-3 Sentry,USA,1,2,Boeing_E3_Sentry
Boeing F/A-18E/F Super Hornet,USA,1,2,Boeing-Super-Hornet
Boeing F-15EX Eagle II,USA,1,2,F-15EX-Eagle-II
Boeing KC-135 Stratotanker,USA,1,2,Boeing-KC-135-Stratotanker
Boeing KC-46 Pegasus,USA,1,2,Boeing-KC-46-Pegasus
Boeing P-8 Poseidon,USA,1,2,Boeing-P-8-Poseidon
Bombardier Challenger 3500,Canada,1,1,Bombardier-Challenger-3500
Bombardier Global 7500,Canada,1,1,Bombardier-Global-7500
C-130J Super Hercules,USA,1,2,C-130J-Super-Hercules
Cessna Citation Longitude,USA,1,1,Cessna-Citation-Longitude
Chengdu J-20,China,1,2,Chengdu-J-20
Chengdu JF-17 Thunder,China/Pakistan,1,2,Chengdu-JF-17-Thunder
Chengdu Wing Loong II,China,1,2,Chengdu-Wing-Loong-II
Comac ARJ21,China,1,1,Comac-ARJ21
Comac C919,China,1,1,Comac-C919
Concorde,UK / France,1,1,Concorde
Dassault Falcon 7X (2 Variant),France,1,2,Dassault-Falcon-7X
Dassault Falcon 8X,France,1,1,Dassault-Falcon-8X
Dassault Mirage 2000,France,1,2,Mirage 2000
Dassault Mirage F1,France,1,2,Mirage F1
Dassault Mirage IV,France,1,2,Mirage IV
Dassault Rafale,France,1,2,Dassault-Rafale
Dornier 328,Germany,1,1,Dornier-328
Embraer E195-E2,Brazil,1,1,Embraer-E195-E2
Enstrom 480B,USA,2,1,Enstrom-480B
Eurocopter Tiger,Europe,2,2,Eurocopter-Tiger
Eurofighter Typhoon,UK/Germany/Italy/Spain,1,2,Eurofighter-Typhoon
Fairchild Republic A-10 Thunderbolt II,USA,1,2,A-10 Thunderbolt II
General Atomics MQ-9 Reaper,USA,1,2,General-Atomics-MQ-9-Reaper
General Dynamics F-111 Aardvark,USA,1,2,F-111 Aardvark
General Dynamics F-16 Fighting Falcon,USA,1,2,F-16-Fighting-Falcon
Gulfstream G700,USA,1,1,Gulfstream-G700
HAL AMCA,India,1,2,HAL-AMCA
HAL Tejas,India,1,2,HAL-Tejas
Harbin Z-19,China,2,2,Harbin-Z-19
Harbin Z-20,China,2,2,Harbin-Z-20
Harbin Z-9,China,2,2,Harbin-Z-9
Harrier Jump Jet (AV-8B),UK / USA,1,2,Harrier-Jump-Jet
HondaJet Elite II,Japan,1,1,HondaJet-Elite-II
Ilyushin Il-76,Russia,1,2,Ilyushin-Il-76
Ilyushin Il-96,Russia,1,1,Ilyushin-Il-96
KAI KF-21 Boramae,South Korea,1,2,KAI-KF-21-Boramae
KAI LAH (Light Armed 2),South Korea,2,2,KAI-LAH
KAI T-50 Golden Eagle,South Korea,1,2,KAI-T-50-Golden-Eagle
Kamov Ka-137,Russia,2,2,Kamov Ka-137
Kamov Ka-226,Russia,2,1,Kamov-Ka-226
Kamov Ka-31,Russia,2,2,Kamov-Ka-31
Kamov Ka-52,Russia,2,2,Kamov-Ka-52
Kamov Ka-60,Russia,2,2,Kamov-Ka-60
Kawasaki C-2,Japan,1,2,Kawasaki-C-2
Leonardo AW139,Italy,2,1,Leonardo-AW139
Leonardo AW159 Wildcat,Italy/UK,2,2,Leonardo-AW159-Wildcat
Leonardo AW609,Italy,2,1,Leonardo-AW609
Leonardo C-27J Spartan,Italy,1,2,Leonardo-C-27J-Spartan
Leonardo M-346 Master,Italy,1,2,Leonardo-M-346-Master
Lockheed F-104 Starfighter,USA,1,2,Lockheed F-104 Starfighter
Lockheed F-117 Nighthawk,USA,1,2,F-117 Nighthawk
Lockheed Martin F-22 Raptor,USA,1,2,F-22-Raptor
Lockheed Martin F-35 Lightning II,USA,1,2,F-35-Lightning-II
Lockheed Martin U-2 Dragon Lady,USA,1,2,U-2 Dragon Lady
Lockheed SR-71 Blackbird,USA,1,2,Lockheed-SR-71-Blackbird
MD 2s MD 530F,USA,2,1,MD-2s-MD-530F
MD 2s MH-6 Little Bird,USA,2,2,MH-6 Little Bird
MiG-29 Fulcrum,Russia,1,2,MiG-29-Fulcrum
Mikoyan MiG-29M,Russia,1,2,Mikoyan-MiG-29M
Mikoyan MiG-35,Russia,1,2,Mikoyan-MiG-35
Mikoyan-Gurevich MiG-21 Fishbed,Russia,1,2,Mig-21 Fishbed
Mikoyan-Gurevich MiG-23 Flogger-B,Russia,1,2,MiG-23 Flogger-B
Mikoyan-Gurevich MiG-25 Foxbat,Russia,1,2,MiG-25 Foxbat
Mikoyan-Gurevich MiG-27 Flogger-D,Russia,1,2,MiG-27 Flogger-D
Mil Mi-17,Russia,2,2,Mil-Mi-17
Mil Mi-26,Russia,2,2,Mil-Mi-26
Mil Mi-28,Russia,2,2,Mil-Mi-28
Mil Mi-35,Russia,2,2,Mil-Mi-35
Mitsubishi F-2,Japan,1,2,Mitsubishi-F-2
NHIndustries NH90,Europe,2,2,NHIndustries-NH90
North American XB-70A Valktrie,USA,1,2,XB-70A Valkyrie
Northrop Grumman B-2 Spirit,USA,1,2,B-2-Spirit
Northrop Grumman B-21 Raider,USA,1,2,B-21-Raider
Northrop Grumman RQ-4 Global Hawk,USA,1,2,Northrop-Grumman-RQ-4-Global-Hawk
Piasecki H-21 Shawnee,USA,2,2,Piasecki H-21 Shawnee
Pilatus PC-12,Switzerland,1,1,Pilatus-PC-12
Pilatus PC-21,Switzerland,1,2,Pilatus-PC-21
Piper M600,USA,1,1,Piper-M600
Robinson R66,USA,2,1,Robinson-R66
Saab 35 Draken,Sweden,1,2,Saab 35 Draken
Saab AJS-37 Viggen,Sweden,1,2,AJS-37 Viggen
Saab JAS 39 Gripen,Sweden,1,2,Saab-JAS-39-Gripen
Shahed 129,Iran,1,2,Shahed-129
Shenyang J-16,China,1,2,Shenyang-J-16
Sikorsky CH-53K King Stallion,USA,2,2,Sikorsky-CH-53K-King-Stallion
Sikorsky S-76,USA,2,1,Sikorsky-S-76
Sikorsky S-92,USA,2,1,Sikorsky-S-92
Sikorsky UH-60 Black Hawk,USA,2,2,Sikorsky-UH-60 Black-Hawk
Sukhoi Su-25,Russia,1,2,Sukhoi Su-25
Sukhoi Su-30,Russia,1,2,Sukhoi-Su-30
Sukhoi Su-34,Russia,1,2,Sukhoi-Su-34
Sukhoi Su-35,Russia,1,2,Sukhoi-Su-35
Sukhoi Su-57,Russia,1,2,Sukhoi-Su-57
TAI T129 ATAK,Turkey,2,2,TAI-T129-ATAK
Tupolev Tu-160,Russia,1,2,Tupolev-Tu-160
Tupolev Tu-204,Russia,1,1,Tupolev-Tu-204
Tupolev Tu-214,Russia,1,1,Tupolev-Tu-214
Tupolev Tu-95,Russia,1,2,Tupolev-Tu-95
Viking Air Twin Otter,Canada,1,1,Viking-Air-Twin-Otter
Xian H-6,China,1,2,Xian-H-6
Xian Y-20,China,1,2,Xian-Y-20
Xian Y-9,China,1,2,Xian-Y-9
Yakovlev Yak-38 Forger,Russia,1,2,Yak-38 Forger
